is_cry,filename
yes,cry_data/cry/100c.wav
yes,cry_data/cry/101c.wav
yes,cry_data/cry/102c.wav
yes,cry_data/cry/103c.wav
yes,cry_data/cry/104c.wav
yes,cry_data/cry/105c.wav
yes,cry_data/cry/106c.wav
yes,cry_data/cry/107c.wav
yes,cry_data/cry/108c.wav
yes,cry_data/cry/109c.wav
yes,cry_data/cry/10c.wav
yes,cry_data/cry/110c.wav
yes,cry_data/cry/111c.wav
yes,cry_data/cry/112c.wav
yes,cry_data/cry/113c.wav
yes,cry_data/cry/114c.wav
yes,cry_data/cry/115c.wav
yes,cry_data/cry/116c.wav
yes,cry_data/cry/117c.wav
yes,cry_data/cry/118c.wav
yes,cry_data/cry/119c.wav
yes,cry_data/cry/11c.wav
yes,cry_data/cry/120c.wav
yes,cry_data/cry/121c.wav
yes,cry_data/cry/122c.wav
yes,cry_data/cry/123c.wav
yes,cry_data/cry/124c.wav
yes,cry_data/cry/125c.wav
yes,cry_data/cry/126c.wav
yes,cry_data/cry/127c.wav
yes,cry_data/cry/128c.wav
yes,cry_data/cry/129c.wav
yes,cry_data/cry/12c.wav
yes,cry_data/cry/130c.wav
yes,cry_data/cry/131c.ogg
yes,cry_data/cry/132c.ogg
yes,cry_data/cry/133c.ogg
yes,cry_data/cry/134c.ogg
yes,cry_data/cry/135c.ogg
yes,cry_data/cry/136c.ogg
yes,cry_data/cry/137c.ogg
yes,cry_data/cry/138c.ogg
yes,cry_data/cry/139c.wav
yes,cry_data/cry/13c.wav
yes,cry_data/cry/140c.wav
yes,cry_data/cry/141c.wav
yes,cry_data/cry/142c.wav
yes,cry_data/cry/143c.wav
yes,cry_data/cry/144c.wav
yes,cry_data/cry/145c.wav
yes,cry_data/cry/146c.wav
yes,cry_data/cry/147c.wav
yes,cry_data/cry/148c.wav
yes,cry_data/cry/149c.wav
yes,cry_data/cry/14c.wav
yes,cry_data/cry/150c.wav
yes,cry_data/cry/151c.wav
yes,cry_data/cry/152c.wav
yes,cry_data/cry/153c.wav
yes,cry_data/cry/154c.wav
yes,cry_data/cry/155c.wav
yes,cry_data/cry/156c.wav
yes,cry_data/cry/157c.wav
yes,cry_data/cry/158c.wav
yes,cry_data/cry/159c.wav
yes,cry_data/cry/15c.wav
yes,cry_data/cry/160c.wav
yes,cry_data/cry/161c.wav
yes,cry_data/cry/162c.ogg
yes,cry_data/cry/163c.ogg
yes,cry_data/cry/164c.ogg
yes,cry_data/cry/165c.ogg
yes,cry_data/cry/166c.ogg
yes,cry_data/cry/167c.ogg
yes,cry_data/cry/168c.ogg
yes,cry_data/cry/169c.ogg
yes,cry_data/cry/16c.wav
yes,cry_data/cry/170c.wav
yes,cry_data/cry/171c.wav
yes,cry_data/cry/172c.wav
yes,cry_data/cry/173c.wav
yes,cry_data/cry/174c.wav
yes,cry_data/cry/175c.wav
yes,cry_data/cry/176c.wav
yes,cry_data/cry/177c.wav
yes,cry_data/cry/178c.wav
yes,cry_data/cry/179c.wav
yes,cry_data/cry/17c.wav
yes,cry_data/cry/180c.wav
yes,cry_data/cry/181c.wav
yes,cry_data/cry/182c.wav
yes,cry_data/cry/183c.wav
yes,cry_data/cry/184c.wav
yes,cry_data/cry/185c.wav
yes,cry_data/cry/186c.wav
yes,cry_data/cry/187c.wav
yes,cry_data/cry/188c.wav
yes,cry_data/cry/189c.wav
yes,cry_data/cry/18c.wav
yes,cry_data/cry/190c.wav
yes,cry_data/cry/191c.wav
yes,cry_data/cry/192c.wav
yes,cry_data/cry/193c.wav
yes,cry_data/cry/194c.wav
yes,cry_data/cry/195c.wav
yes,cry_data/cry/196c.wav
yes,cry_data/cry/197c.wav
yes,cry_data/cry/198c.wav
yes,cry_data/cry/199c.wav
yes,cry_data/cry/19c.wav
yes,cry_data/cry/1c.wav
yes,cry_data/cry/200c.wav
yes,cry_data/cry/201c.wav
yes,cry_data/cry/202c.wav
yes,cry_data/cry/203c.wav
yes,cry_data/cry/204c.wav
yes,cry_data/cry/205c.wav
yes,cry_data/cry/206c.wav
yes,cry_data/cry/207c.wav
yes,cry_data/cry/208c.wav
yes,cry_data/cry/209c.wav
yes,cry_data/cry/20c.wav
yes,cry_data/cry/210c.wav
yes,cry_data/cry/211c.wav
yes,cry_data/cry/212c.wav
yes,cry_data/cry/213c.wav
yes,cry_data/cry/214c.wav
yes,cry_data/cry/215c.wav
yes,cry_data/cry/216c.wav
yes,cry_data/cry/217c.wav
yes,cry_data/cry/218c.wav
yes,cry_data/cry/219c.wav
yes,cry_data/cry/21c.wav
yes,cry_data/cry/220c.wav
yes,cry_data/cry/221c.wav
yes,cry_data/cry/222c.wav
yes,cry_data/cry/223c.wav
yes,cry_data/cry/224c.wav
yes,cry_data/cry/225c.wav
yes,cry_data/cry/226c.wav
yes,cry_data/cry/227c.wav
yes,cry_data/cry/228c.wav
yes,cry_data/cry/229c.wav
yes,cry_data/cry/22c.wav
yes,cry_data/cry/230c.wav
yes,cry_data/cry/231c.wav
yes,cry_data/cry/232c.wav
yes,cry_data/cry/233c.wav
yes,cry_data/cry/234c.wav
yes,cry_data/cry/235c.wav
yes,cry_data/cry/236c.wav
yes,cry_data/cry/237c.wav
yes,cry_data/cry/238c.wav
yes,cry_data/cry/239c.wav
yes,cry_data/cry/23c.wav
yes,cry_data/cry/240c.wav
yes,cry_data/cry/241c.wav
yes,cry_data/cry/242c.wav
yes,cry_data/cry/243c.wav
yes,cry_data/cry/244c.wav
yes,cry_data/cry/245c.wav
yes,cry_data/cry/246c.wav
yes,cry_data/cry/247c.wav
yes,cry_data/cry/248c.wav
yes,cry_data/cry/249c.wav
yes,cry_data/cry/24c.ogg
yes,cry_data/cry/250c.wav
yes,cry_data/cry/251c.wav
yes,cry_data/cry/252c.wav
yes,cry_data/cry/253c.wav
yes,cry_data/cry/254c.wav
yes,cry_data/cry/255c.wav
yes,cry_data/cry/256c.wav
yes,cry_data/cry/257c.wav
yes,cry_data/cry/258c.wav
yes,cry_data/cry/259c.wav
yes,cry_data/cry/25c.ogg
yes,cry_data/cry/260c.wav
yes,cry_data/cry/261c.wav
yes,cry_data/cry/262c.wav
yes,cry_data/cry/263c.wav
yes,cry_data/cry/264c.wav
yes,cry_data/cry/265c.wav
yes,cry_data/cry/266c.wav
yes,cry_data/cry/267c.wav
yes,cry_data/cry/268c.wav
yes,cry_data/cry/269c.wav
yes,cry_data/cry/26c.ogg
yes,cry_data/cry/270c.wav
yes,cry_data/cry/271c.wav
yes,cry_data/cry/272c.wav
yes,cry_data/cry/273c.wav
yes,cry_data/cry/274c.wav
yes,cry_data/cry/275c.wav
yes,cry_data/cry/276c.wav
yes,cry_data/cry/277c.wav
yes,cry_data/cry/278c.wav
yes,cry_data/cry/279c.wav
yes,cry_data/cry/27c.ogg
yes,cry_data/cry/280c.wav
yes,cry_data/cry/281c.wav
yes,cry_data/cry/282c.wav
yes,cry_data/cry/283c.wav
yes,cry_data/cry/284c.wav
yes,cry_data/cry/285c.wav
yes,cry_data/cry/286c.wav
yes,cry_data/cry/287c.wav
yes,cry_data/cry/288c.wav
yes,cry_data/cry/289c.wav
yes,cry_data/cry/28c.ogg
yes,cry_data/cry/290c.wav
yes,cry_data/cry/291c.wav
yes,cry_data/cry/292c.wav
yes,cry_data/cry/293c.wav
yes,cry_data/cry/294c.wav
yes,cry_data/cry/295c.wav
yes,cry_data/cry/296c.wav
yes,cry_data/cry/297c.wav
yes,cry_data/cry/298c.wav
yes,cry_data/cry/299c.wav
yes,cry_data/cry/29c.ogg
yes,cry_data/cry/2c.wav
yes,cry_data/cry/300c.wav
yes,cry_data/cry/301c.wav
yes,cry_data/cry/302c.wav
yes,cry_data/cry/303c.wav
yes,cry_data/cry/304c.wav
yes,cry_data/cry/305c.wav
yes,cry_data/cry/306c.wav
yes,cry_data/cry/307c.wav
yes,cry_data/cry/308c.wav
yes,cry_data/cry/309c.wav
yes,cry_data/cry/30c.ogg
yes,cry_data/cry/310c.wav
yes,cry_data/cry/311c.wav
yes,cry_data/cry/312c.wav
yes,cry_data/cry/313c.wav
yes,cry_data/cry/314c.wav
yes,cry_data/cry/315c.wav
yes,cry_data/cry/316c.wav
yes,cry_data/cry/317c.wav
yes,cry_data/cry/318c.wav
yes,cry_data/cry/319c.wav
yes,cry_data/cry/31c.ogg
yes,cry_data/cry/320c.wav
yes,cry_data/cry/321c.wav
yes,cry_data/cry/322c.wav
yes,cry_data/cry/323c.wav
yes,cry_data/cry/324c.wav
yes,cry_data/cry/325c.wav
yes,cry_data/cry/326c.wav
yes,cry_data/cry/327c.wav
yes,cry_data/cry/328c.wav
yes,cry_data/cry/329c.wav
yes,cry_data/cry/32c.wav
yes,cry_data/cry/330c.wav
yes,cry_data/cry/331c.wav
yes,cry_data/cry/332c.wav
yes,cry_data/cry/333c.wav
yes,cry_data/cry/334c.wav
yes,cry_data/cry/335c.wav
yes,cry_data/cry/336c.wav
yes,cry_data/cry/337c.wav
yes,cry_data/cry/338c.wav
yes,cry_data/cry/339c.wav
yes,cry_data/cry/33c.wav
yes,cry_data/cry/340c.wav
yes,cry_data/cry/341c.wav
yes,cry_data/cry/342c.wav
yes,cry_data/cry/343c.wav
yes,cry_data/cry/344c.wav
yes,cry_data/cry/345c.wav
yes,cry_data/cry/346c.wav
yes,cry_data/cry/347c.wav
yes,cry_data/cry/348c.wav
yes,cry_data/cry/349c.wav
yes,cry_data/cry/34c.wav
yes,cry_data/cry/350c.wav
yes,cry_data/cry/351c.wav
yes,cry_data/cry/352c.wav
yes,cry_data/cry/353c.wav
yes,cry_data/cry/354c.wav
yes,cry_data/cry/355c.wav
yes,cry_data/cry/356c.wav
yes,cry_data/cry/357c.wav
yes,cry_data/cry/358c.wav
yes,cry_data/cry/359c.wav
yes,cry_data/cry/35c.wav
yes,cry_data/cry/360c.wav
yes,cry_data/cry/361c.wav
yes,cry_data/cry/362c.wav
yes,cry_data/cry/363c.wav
yes,cry_data/cry/364c.wav
yes,cry_data/cry/365c.wav
yes,cry_data/cry/366c.wav
yes,cry_data/cry/367c.wav
yes,cry_data/cry/368c.wav
yes,cry_data/cry/369c.wav
yes,cry_data/cry/36c.wav
yes,cry_data/cry/370c.wav
yes,cry_data/cry/371c.wav
yes,cry_data/cry/372c.wav
yes,cry_data/cry/373c.wav
yes,cry_data/cry/374c.wav
yes,cry_data/cry/375c.wav
yes,cry_data/cry/376c.wav
yes,cry_data/cry/377c.wav
yes,cry_data/cry/378c.wav
yes,cry_data/cry/379c.wav
yes,cry_data/cry/37c.wav
yes,cry_data/cry/380c.wav
yes,cry_data/cry/381c.wav
yes,cry_data/cry/382c.wav
yes,cry_data/cry/383c.wav
yes,cry_data/cry/384c.wav
yes,cry_data/cry/385c.wav
yes,cry_data/cry/386c.wav
yes,cry_data/cry/387c.wav
yes,cry_data/cry/388c.wav
yes,cry_data/cry/389c.wav
yes,cry_data/cry/38c.wav
yes,cry_data/cry/390c.wav
yes,cry_data/cry/391c.wav
yes,cry_data/cry/392c.wav
yes,cry_data/cry/393c.wav
yes,cry_data/cry/394c.wav
yes,cry_data/cry/395c.wav
yes,cry_data/cry/396c.wav
yes,cry_data/cry/397c.wav
yes,cry_data/cry/398c.wav
yes,cry_data/cry/399c.wav
yes,cry_data/cry/39c.wav
yes,cry_data/cry/3c.wav
yes,cry_data/cry/400c.wav
yes,cry_data/cry/401c.wav
yes,cry_data/cry/402c.wav
yes,cry_data/cry/403c.wav
yes,cry_data/cry/404c.wav
yes,cry_data/cry/405c.wav
yes,cry_data/cry/406c.wav
yes,cry_data/cry/407c.wav
yes,cry_data/cry/408c.wav
yes,cry_data/cry/409c.wav
yes,cry_data/cry/40c.wav
yes,cry_data/cry/410c.wav
yes,cry_data/cry/411c.wav
yes,cry_data/cry/412c.wav
yes,cry_data/cry/413c.wav
yes,cry_data/cry/414c.wav
yes,cry_data/cry/415c.wav
yes,cry_data/cry/416c.wav
yes,cry_data/cry/417c.wav
yes,cry_data/cry/418c.wav
yes,cry_data/cry/419c.wav
yes,cry_data/cry/41c.wav
yes,cry_data/cry/420c.wav
yes,cry_data/cry/421c.wav
yes,cry_data/cry/422c.wav
yes,cry_data/cry/423c.wav
yes,cry_data/cry/424c.wav
yes,cry_data/cry/425c.wav
yes,cry_data/cry/426c.wav
yes,cry_data/cry/427c.wav
yes,cry_data/cry/428c.wav
yes,cry_data/cry/429c.wav
yes,cry_data/cry/42c.wav
yes,cry_data/cry/430c.wav
yes,cry_data/cry/431c.wav
yes,cry_data/cry/432c.wav
yes,cry_data/cry/433c.wav
yes,cry_data/cry/434c.wav
yes,cry_data/cry/435c.wav
yes,cry_data/cry/436c.wav
yes,cry_data/cry/437c.wav
yes,cry_data/cry/438c.wav
yes,cry_data/cry/439c.wav
yes,cry_data/cry/43c.wav
yes,cry_data/cry/440c.wav
yes,cry_data/cry/441c.wav
yes,cry_data/cry/442c.wav
yes,cry_data/cry/443c.wav
yes,cry_data/cry/444c.wav
yes,cry_data/cry/445c.wav
yes,cry_data/cry/446c.wav
yes,cry_data/cry/447c.wav
yes,cry_data/cry/448c.wav
yes,cry_data/cry/449c.wav
yes,cry_data/cry/44c.wav
yes,cry_data/cry/450c.wav
yes,cry_data/cry/451c.wav
yes,cry_data/cry/452c.wav
yes,cry_data/cry/453c.wav
yes,cry_data/cry/454c.wav
yes,cry_data/cry/455c.wav
yes,cry_data/cry/456c.wav
yes,cry_data/cry/457c.wav
yes,cry_data/cry/458c.wav
yes,cry_data/cry/459c.wav
yes,cry_data/cry/45c.wav
yes,cry_data/cry/460c.wav
yes,cry_data/cry/461c.wav
yes,cry_data/cry/462c.wav
yes,cry_data/cry/463c.wav
yes,cry_data/cry/464c.wav
yes,cry_data/cry/465c.wav
yes,cry_data/cry/466c.wav
yes,cry_data/cry/467c.wav
yes,cry_data/cry/468c.wav
yes,cry_data/cry/469c.wav
yes,cry_data/cry/46c.wav
yes,cry_data/cry/470c.wav
yes,cry_data/cry/471c.wav
yes,cry_data/cry/472c.wav
yes,cry_data/cry/473c.wav
yes,cry_data/cry/474c.wav
yes,cry_data/cry/475c.wav
yes,cry_data/cry/476c.wav
yes,cry_data/cry/477c.wav
yes,cry_data/cry/478c.wav
yes,cry_data/cry/479c.wav
yes,cry_data/cry/47c.wav
yes,cry_data/cry/480c.wav
yes,cry_data/cry/481c.wav
yes,cry_data/cry/482c.wav
yes,cry_data/cry/483c.wav
yes,cry_data/cry/484c.wav
yes,cry_data/cry/485c.wav
yes,cry_data/cry/486c.wav
yes,cry_data/cry/487c.wav
yes,cry_data/cry/488c.wav
yes,cry_data/cry/489c.wav
yes,cry_data/cry/48c.wav
yes,cry_data/cry/490c.wav
yes,cry_data/cry/491c.wav
yes,cry_data/cry/492c.wav
yes,cry_data/cry/493c.wav
yes,cry_data/cry/494c.wav
yes,cry_data/cry/495c.wav
yes,cry_data/cry/496c.wav
yes,cry_data/cry/497c.wav
yes,cry_data/cry/498c.wav
yes,cry_data/cry/499c.wav
yes,cry_data/cry/49c.wav
yes,cry_data/cry/4c.wav
yes,cry_data/cry/500c.wav
yes,cry_data/cry/501c.wav
yes,cry_data/cry/502c.wav
yes,cry_data/cry/503c.wav
yes,cry_data/cry/504c.wav
yes,cry_data/cry/505c.wav
yes,cry_data/cry/506c.wav
yes,cry_data/cry/507c.wav
yes,cry_data/cry/508c.wav
yes,cry_data/cry/509c.wav
yes,cry_data/cry/50c.wav
yes,cry_data/cry/510c.wav
yes,cry_data/cry/511c.wav
yes,cry_data/cry/512c.wav
yes,cry_data/cry/513c.wav
yes,cry_data/cry/514c.wav
yes,cry_data/cry/515c.wav
yes,cry_data/cry/516c.wav
yes,cry_data/cry/517c.wav
yes,cry_data/cry/518c.wav
yes,cry_data/cry/519c.wav
yes,cry_data/cry/51c.wav
yes,cry_data/cry/520c.wav
yes,cry_data/cry/521c.wav
yes,cry_data/cry/522c.wav
yes,cry_data/cry/523c.wav
yes,cry_data/cry/524c.wav
yes,cry_data/cry/525c.wav
yes,cry_data/cry/526c.wav
yes,cry_data/cry/527c.wav
yes,cry_data/cry/528c.wav
yes,cry_data/cry/529c.wav
yes,cry_data/cry/52c.wav
yes,cry_data/cry/530c.wav
yes,cry_data/cry/531c.wav
yes,cry_data/cry/532c.wav
yes,cry_data/cry/533c.wav
yes,cry_data/cry/534c.wav
yes,cry_data/cry/535c.wav
yes,cry_data/cry/536c.wav
yes,cry_data/cry/537c.wav
yes,cry_data/cry/538c.wav
yes,cry_data/cry/539c.wav
yes,cry_data/cry/53c.wav
yes,cry_data/cry/540c.wav
yes,cry_data/cry/541c.wav
yes,cry_data/cry/542c.wav
yes,cry_data/cry/543c.wav
yes,cry_data/cry/544c.wav
yes,cry_data/cry/545c.wav
yes,cry_data/cry/546c.wav
yes,cry_data/cry/547c.wav
yes,cry_data/cry/548c.wav
yes,cry_data/cry/549c.wav
yes,cry_data/cry/54c.wav
yes,cry_data/cry/550c.wav
yes,cry_data/cry/551c.wav
yes,cry_data/cry/552c.wav
yes,cry_data/cry/553c.wav
yes,cry_data/cry/554c.wav
yes,cry_data/cry/555c.wav
yes,cry_data/cry/556c.wav
yes,cry_data/cry/557c.wav
yes,cry_data/cry/558c.wav
yes,cry_data/cry/559c.wav
yes,cry_data/cry/55c.wav
yes,cry_data/cry/560c.wav
yes,cry_data/cry/561c.wav
yes,cry_data/cry/562c.wav
yes,cry_data/cry/563c.wav
yes,cry_data/cry/564c.wav
yes,cry_data/cry/565c.wav
yes,cry_data/cry/56c.wav
yes,cry_data/cry/57c.wav
yes,cry_data/cry/58c.wav
yes,cry_data/cry/59c.wav
yes,cry_data/cry/5c.wav
yes,cry_data/cry/60c.wav
yes,cry_data/cry/61c.ogg
yes,cry_data/cry/62c.ogg
yes,cry_data/cry/63c.ogg
yes,cry_data/cry/64c.ogg
yes,cry_data/cry/65c.ogg
yes,cry_data/cry/66c.ogg
yes,cry_data/cry/67c.ogg
yes,cry_data/cry/68c.ogg
yes,cry_data/cry/69c.wav
yes,cry_data/cry/6c.wav
yes,cry_data/cry/70c.wav
yes,cry_data/cry/71c.wav
yes,cry_data/cry/72c.wav
yes,cry_data/cry/73c.wav
yes,cry_data/cry/74c.wav
yes,cry_data/cry/75c.wav
yes,cry_data/cry/76c.wav
yes,cry_data/cry/77c.wav
yes,cry_data/cry/78c.wav
yes,cry_data/cry/79c.wav
yes,cry_data/cry/7c.wav
yes,cry_data/cry/80c.wav
yes,cry_data/cry/81c.wav
yes,cry_data/cry/82c.wav
yes,cry_data/cry/83c.wav
yes,cry_data/cry/84c.wav
yes,cry_data/cry/85c.wav
yes,cry_data/cry/86c.wav
yes,cry_data/cry/87c.wav
yes,cry_data/cry/88c.wav
yes,cry_data/cry/89c.wav
yes,cry_data/cry/8c.wav
yes,cry_data/cry/90c.wav
yes,cry_data/cry/91c.wav
yes,cry_data/cry/92c.ogg
yes,cry_data/cry/93c.ogg
yes,cry_data/cry/94c.ogg
yes,cry_data/cry/95c.ogg
yes,cry_data/cry/96c.ogg
yes,cry_data/cry/97c.ogg
yes,cry_data/cry/98c.ogg
yes,cry_data/cry/99c.ogg
yes,cry_data/cry/9c.wav
no,cry_data/not_cry/100n.ogg
no,cry_data/not_cry/101n.ogg
no,cry_data/not_cry/102n.ogg
no,cry_data/not_cry/103n.ogg
no,cry_data/not_cry/104n.ogg
no,cry_data/not_cry/105n.ogg
no,cry_data/not_cry/106n.ogg
no,cry_data/not_cry/107n.ogg
no,cry_data/not_cry/108n.ogg
no,cry_data/not_cry/109n.wav
no,cry_data/not_cry/10n.ogg
no,cry_data/not_cry/110n.wav
no,cry_data/not_cry/111n.wav
no,cry_data/not_cry/112n.wav
no,cry_data/not_cry/113n.wav
no,cry_data/not_cry/114n.wav
no,cry_data/not_cry/115n.wav
no,cry_data/not_cry/116n.wav
no,cry_data/not_cry/117n.wav
no,cry_data/not_cry/118n.wav
no,cry_data/not_cry/119n.wav
no,cry_data/not_cry/11n.ogg
no,cry_data/not_cry/120n.wav
no,cry_data/not_cry/121n.wav
no,cry_data/not_cry/122n.wav
no,cry_data/not_cry/123n.wav
no,cry_data/not_cry/124n.wav
no,cry_data/not_cry/125n.wav
no,cry_data/not_cry/126n.wav
no,cry_data/not_cry/127n.wav
no,cry_data/not_cry/128n.wav
no,cry_data/not_cry/129n.wav
no,cry_data/not_cry/12n.ogg
no,cry_data/not_cry/130n.wav
no,cry_data/not_cry/131n.wav
no,cry_data/not_cry/132n.wav
no,cry_data/not_cry/133n.wav
no,cry_data/not_cry/134n.wav
no,cry_data/not_cry/135n.wav
no,cry_data/not_cry/136n.wav
no,cry_data/not_cry/137n.wav
no,cry_data/not_cry/138n.wav
no,cry_data/not_cry/139n.wav
no,cry_data/not_cry/13n.ogg
no,cry_data/not_cry/140n.wav
no,cry_data/not_cry/141n.wav
no,cry_data/not_cry/142n.wav
no,cry_data/not_cry/143n.wav
no,cry_data/not_cry/144n.wav
no,cry_data/not_cry/145n.wav
no,cry_data/not_cry/146n.wav
no,cry_data/not_cry/147n.wav
no,cry_data/not_cry/148n.wav
no,cry_data/not_cry/149n.wav
no,cry_data/not_cry/14n.ogg
no,cry_data/not_cry/150n.wav
no,cry_data/not_cry/151n.wav
no,cry_data/not_cry/152n.wav
no,cry_data/not_cry/153n.wav
no,cry_data/not_cry/154n.wav
no,cry_data/not_cry/155n.wav
no,cry_data/not_cry/156n.wav
no,cry_data/not_cry/157n.wav
no,cry_data/not_cry/158n.wav
no,cry_data/not_cry/159n.wav
no,cry_data/not_cry/15n.ogg
no,cry_data/not_cry/160n.wav
no,cry_data/not_cry/161n.wav
no,cry_data/not_cry/162n.wav
no,cry_data/not_cry/163n.wav
no,cry_data/not_cry/164n.wav
no,cry_data/not_cry/165n.wav
no,cry_data/not_cry/166n.wav
no,cry_data/not_cry/167n.wav
no,cry_data/not_cry/168n.wav
no,cry_data/not_cry/169n.wav
no,cry_data/not_cry/16n.ogg
no,cry_data/not_cry/170n.wav
no,cry_data/not_cry/171n.wav
no,cry_data/not_cry/172n.wav
no,cry_data/not_cry/173n.wav
no,cry_data/not_cry/174n.wav
no,cry_data/not_cry/175n.wav
no,cry_data/not_cry/176n.wav
no,cry_data/not_cry/177n.wav
no,cry_data/not_cry/178n.wav
no,cry_data/not_cry/179n.wav
no,cry_data/not_cry/17n.ogg
no,cry_data/not_cry/180n.wav
no,cry_data/not_cry/181n.wav
no,cry_data/not_cry/182n.wav
no,cry_data/not_cry/183n.wav
no,cry_data/not_cry/184n.wav
no,cry_data/not_cry/185n.wav
no,cry_data/not_cry/186n.wav
no,cry_data/not_cry/187n.wav
no,cry_data/not_cry/188n.wav
no,cry_data/not_cry/189n.wav
no,cry_data/not_cry/18n.ogg
no,cry_data/not_cry/190n.wav
no,cry_data/not_cry/191n.wav
no,cry_data/not_cry/192n.wav
no,cry_data/not_cry/193n.wav
no,cry_data/not_cry/194n.wav
no,cry_data/not_cry/195n.wav
no,cry_data/not_cry/196n.wav
no,cry_data/not_cry/197n.wav
no,cry_data/not_cry/198n.wav
no,cry_data/not_cry/199n.wav
no,cry_data/not_cry/19n.ogg
no,cry_data/not_cry/1n.ogg
no,cry_data/not_cry/200n.wav
no,cry_data/not_cry/201n.wav
no,cry_data/not_cry/202n.wav
no,cry_data/not_cry/203n.wav
no,cry_data/not_cry/204n.wav
no,cry_data/not_cry/205n.wav
no,cry_data/not_cry/206n.wav
no,cry_data/not_cry/207n.wav
no,cry_data/not_cry/208n.wav
no,cry_data/not_cry/209n.wav
no,cry_data/not_cry/20n.ogg
no,cry_data/not_cry/210n.wav
no,cry_data/not_cry/211n.wav
no,cry_data/not_cry/212n.wav
no,cry_data/not_cry/213n.wav
no,cry_data/not_cry/214n.wav
no,cry_data/not_cry/215n.wav
no,cry_data/not_cry/216n.wav
no,cry_data/not_cry/217n.wav
no,cry_data/not_cry/218n.wav
no,cry_data/not_cry/219n.wav
no,cry_data/not_cry/21n.ogg
no,cry_data/not_cry/220n.wav
no,cry_data/not_cry/221n.wav
no,cry_data/not_cry/222n.wav
no,cry_data/not_cry/223n.wav
no,cry_data/not_cry/224n.wav
no,cry_data/not_cry/225n.wav
no,cry_data/not_cry/226n.wav
no,cry_data/not_cry/227n.wav
no,cry_data/not_cry/228n.wav
no,cry_data/not_cry/229n.wav
no,cry_data/not_cry/22n.ogg
no,cry_data/not_cry/230n.wav
no,cry_data/not_cry/231n.wav
no,cry_data/not_cry/232n.wav
no,cry_data/not_cry/233n.wav
no,cry_data/not_cry/234n.wav
no,cry_data/not_cry/235n.wav
no,cry_data/not_cry/236n.wav
no,cry_data/not_cry/237n.wav
no,cry_data/not_cry/238n.wav
no,cry_data/not_cry/239n.wav
no,cry_data/not_cry/23n.ogg
no,cry_data/not_cry/240n.wav
no,cry_data/not_cry/241n.wav
no,cry_data/not_cry/242n.wav
no,cry_data/not_cry/243n.wav
no,cry_data/not_cry/244n.wav
no,cry_data/not_cry/245n.wav
no,cry_data/not_cry/246n.wav
no,cry_data/not_cry/247n.wav
no,cry_data/not_cry/248n.wav
no,cry_data/not_cry/249n.wav
no,cry_data/not_cry/24n.ogg
no,cry_data/not_cry/250n.wav
no,cry_data/not_cry/251n.wav
no,cry_data/not_cry/252n.wav
no,cry_data/not_cry/253n.wav
no,cry_data/not_cry/254n.wav
no,cry_data/not_cry/255n.wav
no,cry_data/not_cry/256n.wav
no,cry_data/not_cry/257n.wav
no,cry_data/not_cry/258n.wav
no,cry_data/not_cry/259n.wav
no,cry_data/not_cry/25n.ogg
no,cry_data/not_cry/260n.wav
no,cry_data/not_cry/261n.wav
no,cry_data/not_cry/262n.wav
no,cry_data/not_cry/263n.wav
no,cry_data/not_cry/264n.wav
no,cry_data/not_cry/265n.wav
no,cry_data/not_cry/266n.wav
no,cry_data/not_cry/267n.wav
no,cry_data/not_cry/268n.wav
no,cry_data/not_cry/269n.wav
no,cry_data/not_cry/26n.ogg
no,cry_data/not_cry/270n.wav
no,cry_data/not_cry/271n.wav
no,cry_data/not_cry/272n.wav
no,cry_data/not_cry/273n.wav
no,cry_data/not_cry/274n.wav
no,cry_data/not_cry/275n.wav
no,cry_data/not_cry/276n.wav
no,cry_data/not_cry/277n.wav
no,cry_data/not_cry/278n.wav
no,cry_data/not_cry/279n.wav
no,cry_data/not_cry/27n.ogg
no,cry_data/not_cry/280n.wav
no,cry_data/not_cry/281n.wav
no,cry_data/not_cry/282n.wav
no,cry_data/not_cry/283n.wav
no,cry_data/not_cry/284n.wav
no,cry_data/not_cry/285n.wav
no,cry_data/not_cry/286n.wav
no,cry_data/not_cry/287n.wav
no,cry_data/not_cry/288n.wav
no,cry_data/not_cry/289n.wav
no,cry_data/not_cry/28n.ogg
no,cry_data/not_cry/290n.wav
no,cry_data/not_cry/291n.wav
no,cry_data/not_cry/292n.wav
no,cry_data/not_cry/293n.wav
no,cry_data/not_cry/294n.wav
no,cry_data/not_cry/295n.wav
no,cry_data/not_cry/296n.wav
no,cry_data/not_cry/297n.wav
no,cry_data/not_cry/298n.wav
no,cry_data/not_cry/299n.wav
no,cry_data/not_cry/29n.ogg
no,cry_data/not_cry/2n.ogg
no,cry_data/not_cry/300n.wav
no,cry_data/not_cry/301n.wav
no,cry_data/not_cry/302n.wav
no,cry_data/not_cry/303n.wav
no,cry_data/not_cry/304n.wav
no,cry_data/not_cry/305n.wav
no,cry_data/not_cry/306n.wav
no,cry_data/not_cry/307n.wav
no,cry_data/not_cry/308n.wav
no,cry_data/not_cry/309n.wav
no,cry_data/not_cry/30n.ogg
no,cry_data/not_cry/310n.wav
no,cry_data/not_cry/311n.wav
no,cry_data/not_cry/312n.wav
no,cry_data/not_cry/313n.wav
no,cry_data/not_cry/314n.wav
no,cry_data/not_cry/315n.wav
no,cry_data/not_cry/316n.wav
no,cry_data/not_cry/317n.wav
no,cry_data/not_cry/318n.wav
no,cry_data/not_cry/319n.wav
no,cry_data/not_cry/31n.ogg
no,cry_data/not_cry/320n.wav
no,cry_data/not_cry/321n.wav
no,cry_data/not_cry/322n.wav
no,cry_data/not_cry/323n.wav
no,cry_data/not_cry/324n.wav
no,cry_data/not_cry/32n.ogg
no,cry_data/not_cry/33n.ogg
no,cry_data/not_cry/34n.ogg
no,cry_data/not_cry/35n.ogg
no,cry_data/not_cry/36n.ogg
no,cry_data/not_cry/37n.ogg
no,cry_data/not_cry/38n.ogg
no,cry_data/not_cry/39n.ogg
no,cry_data/not_cry/3n.ogg
no,cry_data/not_cry/40n.ogg
no,cry_data/not_cry/41n.ogg
no,cry_data/not_cry/42n.ogg
no,cry_data/not_cry/43n.ogg
no,cry_data/not_cry/44n.ogg
no,cry_data/not_cry/45n.ogg
no,cry_data/not_cry/46n.ogg
no,cry_data/not_cry/47n.ogg
no,cry_data/not_cry/48n.ogg
no,cry_data/not_cry/49n.ogg
no,cry_data/not_cry/4n.ogg
no,cry_data/not_cry/50n.ogg
no,cry_data/not_cry/51n.ogg
no,cry_data/not_cry/52n.ogg
no,cry_data/not_cry/53n.ogg
no,cry_data/not_cry/54n.ogg
no,cry_data/not_cry/55n.ogg
no,cry_data/not_cry/56n.ogg
no,cry_data/not_cry/57n.ogg
no,cry_data/not_cry/58n.ogg
no,cry_data/not_cry/59n.ogg
no,cry_data/not_cry/5n.ogg
no,cry_data/not_cry/60n.ogg
no,cry_data/not_cry/61n.ogg
no,cry_data/not_cry/62n.ogg
no,cry_data/not_cry/63n.ogg
no,cry_data/not_cry/64n.ogg
no,cry_data/not_cry/65n.ogg
no,cry_data/not_cry/66n.ogg
no,cry_data/not_cry/67n.ogg
no,cry_data/not_cry/68n.ogg
no,cry_data/not_cry/69n.ogg
no,cry_data/not_cry/6n.ogg
no,cry_data/not_cry/70n.ogg
no,cry_data/not_cry/71n.ogg
no,cry_data/not_cry/72n.ogg
no,cry_data/not_cry/73n.ogg
no,cry_data/not_cry/74n.ogg
no,cry_data/not_cry/75n.ogg
no,cry_data/not_cry/76n.ogg
no,cry_data/not_cry/77n.ogg
no,cry_data/not_cry/78n.ogg
no,cry_data/not_cry/79n.ogg
no,cry_data/not_cry/7n.ogg
no,cry_data/not_cry/80n.ogg
no,cry_data/not_cry/81n.ogg
no,cry_data/not_cry/82n.ogg
no,cry_data/not_cry/83n.ogg
no,cry_data/not_cry/84n.ogg
no,cry_data/not_cry/85n.ogg
no,cry_data/not_cry/86n.ogg
no,cry_data/not_cry/87n.ogg
no,cry_data/not_cry/88n.ogg
no,cry_data/not_cry/89n.ogg
no,cry_data/not_cry/8n.ogg
no,cry_data/not_cry/90n.ogg
no,cry_data/not_cry/91n.ogg
no,cry_data/not_cry/92n.ogg
no,cry_data/not_cry/93n.ogg
no,cry_data/not_cry/94n.ogg
no,cry_data/not_cry/95n.ogg
no,cry_data/not_cry/96n.ogg
no,cry_data/not_cry/97n.ogg
no,cry_data/not_cry/98n.ogg
no,cry_data/not_cry/99n.ogg
no,cry_data/not_cry/9n.ogg